ProductID,ProductBrand,ProductName,DispensaryName,Delivery,ProductType,ProductTypeSub,Quantity1,Price1,QuantityAvailable
5ff7c0f650b07d0003102256,Decibel,Decibel | Rosin Infused Pre-Roll | Triple Choc. Chip,Oregrown (Bend),0,Concentrate,infused-flower,1.38g,16.67,14
60e64c5c03cf350001756b55,Decibel,Decibel | Rosin Infused Pre-Roll | Lemon Meringue,Oregrown (Bend),0,Concentrate,infused-flower,1.38g,16.67,18
60ef1a41a0edd700014fa03e,Hash Hamilton,$35 - Hash Hamilton - Purple Punch (Rosin),Tokyo Starfish (South) (Bend),0,Concentrate,rosin,1g,29.17,1
6074b1155085210001d4e80b,45TH LATITUDE,Further Hash Rosin Dab | 45th Latitude,Substance (Division Street) (Bend),0,Concentrate,rosin,1g,30,9
6074b1155085210001d4e80c,45TH LATITUDE,Icculus Hash Rosin Dab | 45th Latitude,Substance (Division Street) (Bend),0,Concentrate,rosin,1g,30,4
60ec965c5baa5a00013b406c,KOROVA,Triangle Larry x Motor Breath Hash Rosin {KOROVA},DiamondTREE West (Bend),0,Concentrate,rosin,1g,30,17
60e8aa50c2b80b00012c885d,Willamette Valley Alchemy,$45 - WVA - Larry Burger (Rosin),Tokyo Starfish (South) (Bend),0,Concentrate,rosin,1g,37.5,7
60e5f7faa560100001b734da,Hash Hamilton,Hash Hamilton | Hash Rosin | Duct Tape,Oregrown (Bend),0,Concentrate,hash,1g,40,2
60e5f7faa560100001b734dd,Hash Hamilton,Hash Hamilton | Hash Rosin | Sherbadough,Oregrown (Bend),0,Concentrate,hash,1g,40,5
60e5f7faa560100001b734de,Hash Hamilton,Hash Hamilton | Hash Rosin | Mac,Oregrown (Bend),0,Concentrate,hash,1g,40,1
60e8aa645baa5a00013b38c8,Hash Hamilton,Hash Hamilton | Duct Tape Hash Rosin Badder,CannaVida (Bend),0,Concentrate,badder,1g,40,10
608b28215be7720001c923e6,Happy Cabbage Farms,Happy Cabbage | Hash Rosin Cartridge | Citrus Funk,Oregrown (Bend),0,Concentrate,hash,.5g,45,5
60cbbcd46dfcdb00019a7e3f,Happy Cabbage Farms,Happy Cabbage | Hash Rosin Cartridge | Banana Bliss,Oregrown (Bend),0,Concentrate,hash,.5g,45,4
60db671dad4eb00001e99a7a,Decibel,Decibel | Full Spec Live Rosin | Key Lime Pie,Oregrown (Bend),0,Concentrate,rosin,1g,45,9
60db671dad4eb00001e99a7b,Decibel,Decibel | Full Spec Live Rosin | Choco Bonkers,Oregrown (Bend),0,Concentrate,rosin,1g,45,2
60db671dad4eb00001e99a7c,Decibel,Decibel | Full Spec Live Rosin | Moose Tracks,Oregrown (Bend),0,Concentrate,rosin,1g,45,2
60db671dad4eb00001e99a7d,Decibel Farms,Triple Chocolate Chip Live Rosin | 1g,Oregrown (Bend),0,Concentrate,rosin,1g,45,2
60ec7a1dca349d00013b5fa0,Decibel Farms,Rotten Banana Live Rosin | 1g,Oregrown (Bend),0,Concentrate,rosin,1g,45,8
60e36329b4f3bf000164ba21,Highland Provisions,Paradise Circus Premium Live Rosin Jam | 1g,DiamondTREE West (Bend),0,Concentrate,rosin,1g,45.83,1
5f691eaa17e5910003b8fce6,Highland Provision,Highland | Sundae Driver Hash Rosin Jam,CannaVida (Bend),0,Concentrate,hash,1g,50,1
5faef0ebd34b71000328fdbe,Bos Nose Knows,BNK | Baewatch Hash Rosin Badder,CannaVida (Bend),0,Concentrate,badder,1g,50,5
602582bd90f86e00038f505f,Hash Hamilton,Hash Hamilton | Triple Berry Diesel Hash Rosin Badder,CannaVida (Bend),0,Concentrate,badder,N/A,50,1
6034235b9ffa0e0003fe647f,Highland Provisions,Highland Provisions | Live Jam Rosin | Sundae Driver,Oregrown (Bend),0,Concentrate,rosin,1g,50,3
6035970eb0a2450003a23e4c,Decibel Farms,Mr. Clean Live Rosin | 1g,Oregrown (Bend),0,Concentrate,rosin,1g,50,1
6035970eb0a2450003a23e4d,Decibel Farms,Crescendo Live Rosin | 1g,Oregrown (Bend),0,Concentrate,rosin,1g,50,2
604159b78c6772000326221a,Hash Hamilton,Hash Hamilton | Watermelon Zkittles Hash Rosin,CannaVida (Bend),0,Concentrate,hash,N/A,50,2
604159b78c6772000326221b,Hash Hamilton,Hash Hamilton | Purple Punch Hash Rosin,CannaVida (Bend),0,Concentrate,hash,N/A,50,7
6042ba552b56b300032ae18a,Bos Nose Knows,BNK | Scoops Hash Rosin Badder,CannaVida (Bend),0,Concentrate,badder,1g,50,11
6042ba552b56b300032ae18b,Bos Nose Knows,BNK | Triple Berry OG Hash Rosin Badder,CannaVida (Bend),0,Concentrate,badder,1g,50,1
6053d14ccd74c30001c06d60,Tao Gardens,Tao Gardens | BlueberryMuffin Live Rosin Badder,CannaVida (Bend),0,Concentrate,badder,1g,50,2
60551cabf9a44e0001fff07c,Bos Nose Knows,BNK | Cantaloupe Haze Hash Rosin Badder,CannaVida (Bend),0,Concentrate,badder,1g,50,7
605cf2a66211bf0001e48054,Tao Gardens,Tao Gardens | Chem Head OG Hash Rosin Badder,CannaVida (Bend),0,Concentrate,badder,1g,50,3
6064da2fcf04d600012092a2,Highland Provisions,Highland Provisions | Live Rosin Jam | Garlic Drip,Oregrown (Bend),0,Concentrate,rosin,1g,50,2
607dc925594fcc00018a26f3,Bos Nose Knows,BNK | Dosi Pie 90u Rosin Badder,CannaVida (Bend),0,Concentrate,badder,1g,50,10
60afe0adbb17160001ecf413,Highland Provisions,Highland Provisions | Live Rosin Jam | Member OG,Oregrown (Bend),0,Concentrate,rosin,1g,50,3
60afe9202da0070001322aa6,Tao Gardens,Tao Gardens | Deadhead OG Live Rosin Badder,CannaVida (Bend),0,Concentrate,badder,1g,50,6
60da29b790fac200019ccadf,Highland Provisions,Highland Provisions | Live Rosin Badder | Star Pebbles,Oregrown (Bend),0,Concentrate,badder,1g,50,3
60db671dad4eb00001e99a79,Decibel Farms,Wonka Bars Live Rosin | 1g,Oregrown (Bend),0,Concentrate,rosin,1g,50,1
60e3530fce13d50001a61f9e,Decibel Farms,Donkey Butter Live Rosin | 1g,Oregrown (Bend),0,Concentrate,rosin,1g,50,1
60f1cd52a744a10001838444,Highland Provisions,Highland Provisions | Fresh Pressed Rosin | Sour Garlic Cookies,Oregrown (Bend),0,Concentrate,rosin,1g,50,3
60f1cd52a744a10001838445,Highland Provisions,Highland Provisions | Fresh Pressed Rosin | Triple Stuffed,Oregrown (Bend),0,Concentrate,rosin,1g,50,3
60f1cd52a744a10001838446,Highland Provisions,Fresh Pressed Rosin | Tropsanto | 1g,Oregrown (Bend),0,Concentrate,rosin,1g,50,2
60f1cd52a744a10001838447,Highland Provisions,Sundae Driver Premium Live Rosin | 1g,Oregrown (Bend),0,Concentrate,rosin,1g,50,3
60f1d0d6198c4f000146f529,Highland Provisions,Garlic Drip Premium Live Rosin Jam | 1g,Oregrown (Bend),0,Concentrate,rosin,1g,50,2
60f1dc9fe8df4c0001cd8825,Highland Provisions,Highland Provisions | Fresh Pressed Rosin | Chem Z,Oregrown (Bend),0,Concentrate,rosin,1g,50,3
5f64fe5625cbad000395b4db,Bos Nose Knows,BNK | 24K 90u Hash Rosin Badder,CannaVida (Bend),0,Concentrate,badder,1g,53.33,3
5f8749353713600003928ea1,Hash Hamilton,Hash Hamilton | Han Solo Burger Hash Rosin Badder,CannaVida (Bend),0,Concentrate,badder,1g,53.33,2
602580fa90f86e00038f5051,Hash Hamilton,Hash Hamilton | Jar Jar Stinks Hash Rosin Badder,CannaVida (Bend),0,Concentrate,badder,N/A,53.33,5
602582bd90f86e00038f505e,Hash Hamilton,Hash Hamilton | Melted Strawberry Kooler Hash Rosin Badder,CannaVida (Bend),0,Concentrate,badder,N/A,53.33,6
604159b78c67720003262217,Hash Hamilton,Hash Hamilton | Sour Tangie Hash Rosin,CannaVida (Bend),0,Concentrate,hash,N/A,53.33,3
604159b78c67720003262218,Hash Hamilton,Hash Hamilton | Dog Breath Hash Rosin,CannaVida (Bend),0,Concentrate,hash,N/A,53.33,10
605a61ce8a373d00010a5a86,Hash Hamilton,Hash Hamilton | Banana Breah Hash Rosin Badder,CannaVida (Bend),0,Concentrate,badder,N/A,53.33,9
6064ecaea1ee1c0001703f24,Hash Hamilton,Hash Hamilton | Sherbadough Hash Rosin Badder,CannaVida (Bend),0,Concentrate,badder,1g,53.33,9
60676f169d988a000185af93,Bos Nose Knows,BNK | Bwiz #32 Hash Rosin Badder,CannaVida (Bend),0,Concentrate,badder,1g,53.33,3
607dc925594fcc00018a26ef,Bos Nose Knows,BNK | Dosi Pie Full Spectrum Rosin Badder,CannaVida (Bend),0,Concentrate,badder,1g,53.33,3
607dc925594fcc00018a26f2,Bos Nose Knows,BNK | Dosi Pie Fresh Press Hash Rosin,CannaVida (Bend),0,Concentrate,hash,1g,53.33,5
60a6bad197620d0001d49909,Bos Nose Knows,BNK | Purple Dahlia Fresh Pressed Hash Rosin,CannaVida (Bend),0,Concentrate,hash,1g,53.33,3
60d4e7582cbe6b0001b53b1b,Bos Nose Knows,BNK | Wedding Cake Hash Rosin Badder,CannaVida (Bend),0,Concentrate,badder,1g,53.33,4
60d4e7582cbe6b0001b53b1c,,BNK | 24k Hash Rosin Badder,CannaVida (Bend),0,Concentrate,badder,1g,53.33,6
60d4e7582cbe6b0001b53b1d,Bos Nose Knows,BNK | Banana Punch Hash Rosin Badder,CannaVida (Bend),0,Concentrate,badder,1g,53.33,4
60e74d29ebddf00001f593d0,Bos Nose Knows,BNK | Mimosa Hash Rosin Badder,CannaVida (Bend),0,Concentrate,badder,1g,53.33,1
60e74d29ebddf00001f593d1,Bos Nose Knows,BNK | Grease Bucket Hash Rosin Badder,CannaVida (Bend),0,Concentrate,badder,1g,53.33,10
60e74d29ebddf00001f593d2,Bos Nose Knows,BNK | Trop Kush 90u Hash Rosin Badder,CannaVida (Bend),0,Concentrate,badder,1g,53.33,8
60e74d29ebddf00001f593d3,Bos Nose Knows,BNK | Wonka Bars Hash Rosin Badder,CannaVida (Bend),0,Concentrate,badder,1g,53.33,3
60e74d29ebddf00001f593d4,Bos Nose Knows,BNK | Trop Kush Hash Rosin Badder,CannaVida (Bend),0,Concentrate,badder,1g,53.33,7
60e74d29ebddf00001f593d5,Bos Nose Knows,BNK | Grape Cream Cake Hash Rosin Badder,CannaVida (Bend),0,Concentrate,badder,1g,53.33,1
60e74d29ebddf00001f593d6,Bos Nose Knows,BNK | Grease Bucket 90u Hash Rosin Badder,CannaVida (Bend),0,Concentrate,badder,1g,53.33,6
6019bf717ade650003063220,Hash Hamilton,$65 - Hash Hamilton - Dog Breath (Rosin),Tokyo Starfish (South) (Bend),0,Concentrate,rosin,1g,54.17,4
607defdc0088f100017d1e91,Highland Provisions,Sour Garlic Cookies Live Rosin Budder | 1g,Tokyo Starfish (South) (Bend),0,Concentrate,rosin,1g,54.17,1
6081d432894f480001508572,Willamette Valley Alchemy,Willamette Valley Alchemy - Ang3l Food Cak3 - Live Rosin Badder,Dr. Jolly's (Bend),0,Concentrate,rosin,1g,55,10
60a187879fd23700018ee909,Highland Provisions,Highland Provisions - Member OG - Live Rosin Jam,Dr. Jolly's (Bend),0,Concentrate,rosin,1g,58,3
5f9d929456ca140003197eea,Happy Cabbage Farms,Happy Cabbage | LA Snaxx Hash Rosin,CannaVida (Bend),0,Concentrate,hash,1g,58.33,1
600a0e57c39b9400037850dd,Happy Cabbage Farms,Happy Cabbage | Deez Cakes Hash Rosin Batter,CannaVida (Bend),0,Concentrate,hash,1g,58.33,4
601c8bf1bf4dc80003cf556d,Happy Cabbage Farms,Happy Cabbage | Gelato Glue Hash Rosin Batter,CannaVida (Bend),0,Concentrate,hash,1g,58.33,1
60c7ca3518715100011e1bfa,Happy Cabbage Farms,Deez Cakes 6 Star Rosin | 1g,Tokyo Starfish (South) (Bend),0,Concentrate,rosin,1g,58.33,4
60ccf71cccaebd0001363fdd,Happy Cabbage Farms,Happy Cabbage | Kush Mints Hash Rosin Batter,CannaVida (Bend),0,Concentrate,hash,1g,58.33,3
60e1fd9a6b9cc0000104ecff,Happy Cabbage Farms,Happy Cabbage | Tangie and Cream Hash Rosin Batter,CannaVida (Bend),0,Concentrate,hash,1g,58.33,7
60e1fd9a6b9cc0000104ed00,Happy Cabbage Farms,Happy Cabbage | Garlic Juice Cake Hash Rosin Batter,CannaVida (Bend),0,Concentrate,hash,1g,58.33,4
5fb6e561a3a20700038b6319,Happy Cabbage Farms,Happy Cabbage Farms | Fresh Pressed Rosin | Guava,Oregrown (Bend),0,Concentrate,rosin,1g,60,1
5ff608a922b77200037b4b0a,Highland Provisions,Chem Z Live Rosin Jam | 1g,Oregrown (Bend),0,Concentrate,rosin,1g,60,5
604d23be74bee20001e04e6a,Verdant Leaf,Verdant Leaf - Sour Punch - Live SHO Rosin,Dr. Jolly's (Bend),0,Concentrate,rosin,1g,60,4
604d23be74bee20001e04e6b,Verdant Leaf,Verdant Leaf - Pure Guava - Live SHO Rosin,Dr. Jolly's (Bend),0,Concentrate,rosin,1g,60,3
6077a99611a6180001523be0,Verdant Leaf,Verdant Leaf - GMO - Live SHO Rosin,Dr. Jolly's (Bend),0,Concentrate,rosin,1g,60,3
6078ab163519650001a8df5b,Happy Cabbage Farms,Happy Cabbage | Hash Rosin Batter | Johnny Glaze,Oregrown (Bend),0,Concentrate,rosin,1g,60,2
6078ab163519650001a8df61,Happy Cabbage Farms,Happy Cabbage | Hash Rosin Batter | Wedding Cake Gelato,Oregrown (Bend),0,Concentrate,rosin,1g,60,1
6078ab163519650001a8df62,Happy Cabbage Farms,Happy Cabbage | Hash Rosin Batter | Carbonated Chem,Oregrown (Bend),0,Concentrate,rosin,1g,60,2
6078ab163519650001a8df67,Happy Cabbage Farms,Happy Cabbage | Hash Rosin Batter | Sunset Octane,Oregrown (Bend),0,Concentrate,rosin,1g,60,1
60b02a58bb17160001ecf55d,Happy Cabbage Farms,Happy Cabbage Farms | Fresh Pressed Rosin | Strawberry Banana,Oregrown (Bend),0,Concentrate,rosin,1g,60,3
60b02a58bb17160001ecf55f,Happy Cabbage Farms,Happy Cabbage Farms | Hash Rosin | LA Kush Cake,Oregrown (Bend),0,Concentrate,hash,1g,60,5
60cbbcd46dfcdb00019a7e3e,Happy Cabbage Farms,Happy Cabbage | Hash Rosin Batter | Kush Mints,Oregrown (Bend),0,Concentrate,rosin,1g,60,3
60cbbcd46dfcdb00019a7e40,Happy Cabbage Farms,Happy Cabbage | Hash Rosin Batter | Bananacot,Oregrown (Bend),0,Concentrate,rosin,1g,60,8
60cbbcd46dfcdb00019a7e42,Happy Cabbage Farms,Happy Cabbage | Hash Rosin Batter | Troplato,Oregrown (Bend),0,Concentrate,rosin,1g,60,1
60d103f8a58c360001c90e5e,Decibel Farms,Choco Bonkers Live Rosin | 1g,Dr. Jolly's (Bend),0,Concentrate,rosin,1g,60,4
60d1052ea58c360001c90e61,Decibel Dabs,Decibel Dabs - GMO - 90u Live Rosin,Dr. Jolly's (Bend),0,Concentrate,rosin,1g,60,3
60d10678d598940001dac8d3,Decibel Farms,Rotten Banana Live Rosin | 1g,Dr. Jolly's (Bend),0,Concentrate,rosin,1g,60,5
60d108e9de7bda000158988c,Decibel Farms,Wedding Crasher Live Rosin | 1g,Dr. Jolly's (Bend),0,Concentrate,rosin,1g,60,4
60d10a205f52ec00017e3425,Decibel Farms,Mr. Clean Live Rosin | 1g,Dr. Jolly's (Bend),0,Concentrate,rosin,1g,60,3
60d10a205f52ec00017e3426,Decibel Farms,Wonka Bars Live Rosin | 1g,Dr. Jolly's (Bend),0,Concentrate,rosin,1g,60,5
60e5f7faa560100001b734db,Hash Hamilton,Hash Hamilton | Hash Rosin | Daywrecker,Oregrown (Bend),0,Concentrate,hash,1g,60,2
60e5f7faa560100001b734e0,Hash Hamilton,Hash Hamilton | Rosin | PCG GMO,Oregrown (Bend),0,Concentrate,rosin,1g,60,6
60ef78f8fa0fff000148062a,Bonsai,BON - The Ghost of Jerry Rosin,Top Shelf Medicine (Bend),0,Concentrate,rosin,1g,60,5
60ef78f8fa0fff000148062c,Bonsai,BON - Strawberry GMO Live Rosin,Top Shelf Medicine (Bend),0,Concentrate,rosin,1g,60,5
60ef78f8fa0fff000148062d,Bonsai,BON - Wedding Cake Live Rosin,Top Shelf Medicine (Bend),0,Concentrate,rosin,1g,60,5
5fea9a0d00d954000327c722,Highland Provisions,Lemon Royale Live Rosin Jam | 1g,Oregrown (Bend),0,Concentrate,rosin,1g,65,4
602ec9464c40cd0003001cd0,Highland Provisions,Highland Provisions | Live Full Melt 90u Rosin | Triple Stuffed,Oregrown (Bend),0,Concentrate,hash,1g,65,6
603411e8c5cf3e0003ae639b,Highland Provisions,Highland Provisions | Live Full Melt 90u Rosin | Wilson! Zero,Oregrown (Bend),0,Concentrate,hash,1g,65,4
604ba587edca7800012af377,Highland Provisions,Lemon Royale Live Rosin Badder | 1g,Mr. Nice Guy (Bend),0,Concentrate,badder,1g,65,3
608b28215be7720001c923e1,Happy Cabbage Farms,Happy Cabbage | Rosin Batter | Crater Kush,Oregrown (Bend),0,Concentrate,rosin,1g,65,5
60f1c296191fa6000161e3bb,Bos Nose Knows,Bos Nose Knows | Rosin Badder | Grape Cream Cake,Oregrown (Bend),0,Concentrate,rosin,1g,65,18
60f1c296191fa6000161e3bc,Bos Nose Knows,Bos Nose Knows | Rosin Badder | Mimosa,Oregrown (Bend),0,Concentrate,rosin,1g,65,7
60f1c296191fa6000161e3bd,Bos Nose Knows,Bos Nose Knows | Rosin Badder | Wonka Bars,Oregrown (Bend),0,Concentrate,rosin,1g,65,12
60f1c296191fa6000161e3bf,Bos Nose Knows,Bos Nose Knows | Full Spec Rosin | Grease Buckets,Oregrown (Bend),0,Concentrate,rosin,1g,65,18
607cfba3f8cd02000198a6a6,Happy Cabbage Farms,Flash Gadot 6 Star Rosin | 1g,CannaVida (Bend),0,Concentrate,rosin,1g,66.67,2
60b01d407c16f4000150d88b,Happy Cabbage Farms,Johnny Glaze 6 Star Rosin | 1g,CannaVida (Bend),0,Concentrate,rosin,1g,66.67,7
60b01d407c16f4000150d88c,Happy Cabbage Farms,Wilson! Zero 6 Star Rosin | 1g,CannaVida (Bend),0,Concentrate,rosin,1g,66.67,3
60b01d407c16f4000150d88d,Happy Cabbage Farms,Gelato Cheesecake 6 Star Rosin | 1g,CannaVida (Bend),0,Concentrate,rosin,1g,66.67,7
60cbf1bb51523d0001cec14b,Happy Cabbage Farms,Happy Cabbage - Blackberry Octane - Fresh Press Hash Rosin,Dr. Jolly's (Bend),0,Concentrate,rosin,1g,68,5
60cbf1bb51523d0001cec14c,Happy Cabbage Farms,Happy Cabbage - Guava - Fresh Press Hash Rosin,Dr. Jolly's (Bend),0,Concentrate,rosin,1g,68,3
603020e7c568d100033a7b6e,Hash Hamilton,Hash Hamilton | Hash Rosin | Astraeus,Oregrown (Bend),0,Concentrate,hash,1g,70,1
604ba587edca7800012af37b,Highland Provisions,Triple Stuffed Live Rosin Budder | 1g,Mr. Nice Guy (Bend),0,Concentrate,budder,1g,70,5
6099cdc41c041700017d1175,Highland Provisions,HIG - Member OG Live Rosin Jam,Top Shelf Medicine (Bend),0,Concentrate,rosin,1g,70,8
6099cdc41c041700017d1176,Highland Provisions,HIG - Member OG Live Rosin Budder,Top Shelf Medicine (Bend),0,Concentrate,rosin,1g,70,9
60b7c2ce0427b90001e165eb,Bos Nose Knows,Bos Nose Knows | Rosin Badder | Sundae Brunch,Oregrown (Bend),0,Concentrate,rosin,1g,70,5
60d6220c2cbe6b0001b5407e,Bos Nose Knows,Bos Nose Knows | 70u Rosin Badder | 24k,Oregrown (Bend),0,Concentrate,rosin,1g,70,4
60e5f7faa560100001b734dc,Hash Hamilton,Hash Hamilton | Live Rosin Badder | Tropical Fusion,Oregrown (Bend),0,Concentrate,badder,1g,70,3
60f1c296191fa6000161e3be,Bos Nose Knows,Bos Nose Knows | Full Spec Rosin | Trop Kush,Oregrown (Bend),0,Concentrate,rosin,1g,70,18
60f1c296191fa6000161e3c2,Bos Nose Knows,Bos Nose Knows | 90u Rosin Badder | Grease Buckets,Oregrown (Bend),0,Concentrate,rosin,1g,70,18
6078ab163519650001a8df5d,Happy Cabbage Farms,Ice Cream Cake x Ice Cream Zunday 6 Star Rosin | 1g,Oregrown (Bend),0,Concentrate,rosin,1g,72,1
5d2faa40dd5af900040ea5ff,Happy Cabbage Farms,Happy Cabbage - Ice Cream Cake - 6* Hash Rosin,Dr. Jolly's (Bend),0,Concentrate,rosin,1g,76,2
601c85b27f28970003e11de4,Happy Cabbage Farms,Happy Cabbage Farms | 6* Hash Rosin | Gelato Cheesecake,Oregrown (Bend),0,Concentrate,rosin,1g,76,1
6078ab163519650001a8df6a,Happy Cabbage Farms,Johnny Glaze 6 Star Rosin | 1g,Oregrown (Bend),0,Concentrate,hash,1g,76,2
6041456180f96f0003bf78ab,Happy Cabbage Farms,Happy Cabbage | 6* Hash Rosin | Garlic Mints,Oregrown (Bend),0,Concentrate,rosin,1g,80,8
60cbbcd46dfcdb00019a7e41,Happy Cabbage Farms,Happy Cabbage | 6* Hash Rosin | Purple Petals,Oregrown (Bend),0,Concentrate,rosin,1g,80,3
60d6220c2cbe6b0001b54084,Bos Nose Knows,Bos Nose Knows | 90u Rosin Badder | 24k,Oregrown (Bend),0,Concentrate,rosin,1g,80,15
60f1c296191fa6000161e3c1,Bos Nose Knows,Bos Nose Knows | 90u Rosin Badder | Trop Kush,Oregrown (Bend),0,Concentrate,rosin,1g,80,18
602ec50780767900034c89ca,Hapy Kitchen,Hapy Kitchen | Rosin Infused Dark Chocolate | Han Solo Burger,CannaVida (Bend),0,Edible,chocolates,17g,10,3
6053b849233a8a0001442bf7,Hapy Kitchen,Hapy Kitchen | Live Rosin Chocolate | Han Solo Burger | 50mg,Oregrown (Bend),0,Edible,chocolates,N/A,10,16
608b483a7ccaec000104fdf7,Hapy Kitchen,Hapy Kitchen - Dark Chocolate Han Solo Burger - 50mg Live Rosin Infused Cannabis Chocolate Bar,Dr. Jolly's (Bend),0,Edible,chocolates,17g,10,20
5f468efb33c8b90003e66a28,Tao Gardens,Tao Gardens | Orange Crush Rosin Gummies,CannaVida (Bend),0,Edible,gummies,27g,20,1
6036f167a5600200034a5cfa,Crop Circle Chocolates,Crop Circle Chocolates - Raspberry - 50mg Indica Rosin Infused 2 Pack Truffles,Dr. Jolly's (Bend),0,Edible,chocolates,23g,20,1
6036f167a5600200034a5cfe,Crop Circle Chocolates,Crop Circle Chocolates - Vanilla Hazelnut - 50mg Hybrid Rosin Infused 2 Pack Truffles,Dr. Jolly's (Bend),0,Edible,chocolates,23g,20,6
6038341b4acb890003748b29,Crop Circle Chocolates,Crop Circle Chocolates - Orange Yuzu Zest - 50mg Hybrid Rosin Infused 2 Pack Truffles,Dr. Jolly's (Bend),0,Edible,chocolates,23g,20,6
603abd619db7f8000316bf5c,Verdant Leaf,Verdant Leaf - KoKo Puffs - Solventless Live SHO Rosin Cartridge,Dr. Jolly's (Bend),0,Vaporizers,cartridges,.5g,24,6
603abd619db7f8000316bf5e,Verdant Leaf,Verdant Leaf - Sour Punch - Solventless Live SHO Rosin Cartridge,Dr. Jolly's (Bend),0,Vaporizers,cartridges,.5g,24,1
6077a99611a6180001523bdf,Verdant Leaf,Verdant Leaf - Squirt - Solventless SHO Rosin Cartridge,Dr. Jolly's (Bend),0,Vaporizers,cartridges,.5g,24,7
6077a99611a6180001523be3,Verdant Leaf,Verdant Leaf - Papaya Cake - Solventless SHO Rosin Cartridge,Dr. Jolly's (Bend),0,Vaporizers,cartridges,.5g,24,8
609043f3cf612d00010cdf2a,Verdant Leaf,Papaya Cake Rosin Cart {Verdantleaf},DiamondTREE West (Bend),0,Vaporizers,cartridges,.5g,25,5
609043f3cf612d00010cdf2b,Verdant Leaf,Holy Grail Rosin Cart {Verdantleaf},DiamondTREE West (Bend),0,Vaporizers,cartridges,.5g,25,7
5f36d6a62454c6000398fe41,Highland Provisions,Highland | Lemon Royale Hash Rosin Cart,CannaVida (Bend),0,Vaporizers,cartridges,.5g,37.5,4
60415dfc2bb6740003fbe517,Happy Cabbage Farms,Happy Cabbage | Guava Hash Rosin Cart,CannaVida (Bend),0,Vaporizers,cartridges,.5g,37.5,1
607cfba3f8cd02000198a6a2,Happy Cabbage Farms,Happy Cabbage | Flash Gadot Hash Rosin Cart,CannaVida (Bend),0,Vaporizers,cartridges,.5g,37.5,3
607cfba3f8cd02000198a6a4,Happy Cabbage Farms,Strawberry Shortcake Live Rosin Cartridge | 0.5g,CannaVida (Bend),0,Vaporizers,cartridges,.5g,37.5,1
608088cf1fd1e20001f255bf,Happy Cabbage Farms,Happy Cabbage | Melon Granita Hash Rosin Cart,CannaVida (Bend),0,Vaporizers,cartridges,.5g,37.5,3
60cd030402c4e40001c99317,Highland Provisions,Sour Garlic Cookies Rosin Cartridge | 0.5g,CannaVida (Bend),0,Vaporizers,cartridges,.5g,37.5,4
60df4a64a7691b0001687d17,Happy Cabbage Farms,Happy Cabbage | Dogwalker Tangie Hash Rosin Cart,CannaVida (Bend),0,Vaporizers,cartridges,.5g,37.5,5
60e8aa50c2b80b00012c885f,Willamette Valley Alchemy,WVA - Papaya Cake Cart (Rosin),Tokyo Starfish (South) (Bend),0,Vaporizers,cartridges,.5g,37.5,5
608c58a16eb1d900018788fc,Happy Cabbage Farms,Happy Cabbage - Blackberry Octane cart (Rosin),Tokyo Starfish (South) (Bend),0,Vaporizers,cartridges,.5g,40,3
60e62ab3d6ec8b000120eb7d,Happy Cabbage Farms,Happy Cabbage - Banana Candy Cakes Cart (Rosin),Tokyo Starfish (South) (Bend),0,Vaporizers,cartridges,.5g,40,9
5ff9e326ab023c0003f04e35,Highland Provisions,HP - Paradise Circus Cart (Rosin),Tokyo Starfish (South) (Bend),0,Vaporizers,cartridges,.5g,41.67,7
60e8aa50c2b80b00012c8854,Highland Provisions,HP - Star Pebbles Cart (Rosin),Tokyo Starfish (South) (Bend),0,Vaporizers,cartridges,.5g,41.67,7
602449ffa5080e0003bc55ad,Highland Provisions,Highland Provisions - Sour Diesel BX2 - Live Rosin Cartridge,Dr. Jolly's (Bend),0,Vaporizers,cartridges,.5g,42,5
602449ffa5080e0003bc55ae,Highland Provisions,Highland Provisions - Sour Garlic Cookies - Live Rosin Cartridge,Dr. Jolly's (Bend),0,Vaporizers,cartridges,.5g,42,8
60a1590708f85500012a0148,Highland Provisions,Highland Provisions - Garlic Drip - Live Rosin Cartridge,Dr. Jolly's (Bend),0,Vaporizers,cartridges,.5g,42,10
6078adfae83ad70001ff6c73,Happy Cabbage Farms,Key Lime Pie + Cake Crasher Hash Rosin Vape | Happy Cabbage Farms,Substance (Division Street) (Bend),0,Vaporizers,cartridges,.5g,43.33,1
60e765bb4ad9a10001fe9e21,Happy Cabbage Farms,Happy Cabbage - Ice Cream Cake cart (Rosin),Tokyo Starfish (South) (Bend),0,Vaporizers,cartridges,.5g,43.33,8
600b4047456ca30003b0a981,Happy Cabbage Farms,Happy Cabbage - Lemon Royale - Rosin Cartridge,Dr. Jolly's (Bend),0,Vaporizers,cartridges,.5g,44,5
606e0d8ac8776400012727e5,Happy Cabbage Farms,Happy Cabbage - Melon Granita - Rosin Cartridge,Dr. Jolly's (Bend),0,Vaporizers,cartridges,.5g,44,7
606e0d8ac8776400012727e6,Happy Cabbage Farms,Happy Cabbage - Double Ds - Rosin Cartridge,Dr. Jolly's (Bend),0,Vaporizers,cartridges,.5g,44,6
5f04f0d9ed241b0003ff894e,Highland Provisions,Highland Provisions - Sundae Driver - Live Rosin Cartridge,Dr. Jolly's (Bend),0,Vaporizers,cartridges,.5g,45,2
5f3315e85dc0760003a0069e,Highland Provisions,Highland Provisions - Falcon 9 - Live Rosin Cartridge,Dr. Jolly's (Bend),0,Vaporizers,cartridges,.5g,45,1
5fdbaf0f1b2bf800032aa9fe,Highland Provisions,Highland Provisions | Live Rosin Cart | Chem Z,Oregrown (Bend),0,Vaporizers,cartridges,.5g,45,8
5fdbaf0f1b2bf800032aaa00,Highland Provisions,Highland Provisions | Live Rosin Cart | Paradise Circus,Oregrown (Bend),0,Vaporizers,cartridges,.5g,45,8
5ff3757b3901470003501b23,Highland Provisions,Highland Provisions | Live Rosin Cart 510 | Lemon Royale,Oregrown (Bend),0,Vaporizers,cartridges,.5g,45,6
60397add2c32ce0003e85b41,Highland Provisions,Highland Provisions | Live Rosin Cartridge | Sour Garlic Cookies,Oregrown (Bend),0,Vaporizers,cartridges,.5g,45,8
6039801284d14b0003d5d4e3,Highland Provisions,Highland Provisions | Live Rosin Cartridge | Sundae Driver,Oregrown (Bend),0,Vaporizers,cartridges,.5g,45,5
604149cb30bcb30003ddda81,Happy Cabbage Farms,Happy Cabbage | Hash Rosin Cartridge | Wedding Cake Gelato,Oregrown (Bend),0,Vaporizers,cartridges,.5g,45,8
604149cb30bcb30003ddda85,Happy Cabbage Farms,Happy Cabbage | Rosin Cartridge | Key Lime Pie + Cake Crasher,Oregrown (Bend),0,Vaporizers,cartridges,.5g,45,5
604149cb30bcb30003ddda87,Happy Cabbage Farms,Happy Cabbage | Hash Rosin Cartridge | Guava,Oregrown (Bend),0,Vaporizers,cartridges,.5g,45,2
60663b3e0ed2a600013bb959,Happy Cabbage Farms,Happy Cabbage | Hash Rosin Cartridge | Bermuda,Oregrown (Bend),0,Vaporizers,cartridges,.5g,45,4
60663e9bec1d44000137ea94,Happy Cabbage Farms,Happy Cabbage | Hash Rosin Cartridge | Double Ds,Oregrown (Bend),0,Vaporizers,cartridges,.5g,45,1
60663e9bec1d44000137ea95,Happy Cabbage Farms,Happy Cabbage | Hash Rosin Cartridge | Ice Cream Cake,Oregrown (Bend),0,Vaporizers,cartridges,.5g,45,3
607a14c811a61800015246ba,Willamette Valley Alchemy,Willamette Valley Alchemy - Ang3l Food Cak3 - Live Rosin Cartridge,Dr. Jolly's (Bend),0,Vaporizers,cartridges,.5g,45,7
607e0c0685ea1f0001c555e2,Willamette Valley Alchemy,Wedding Cake Live Rosin Cartridge | 0.5g,Dr. Jolly's (Bend),0,Vaporizers,,.5g,45,6
608b28215be7720001c923de,Happy Cabbage Farms,Happy Cabbage | Rosin Cartridge | Flash Gadot,Oregrown (Bend),0,Vaporizers,cartridges,.5g,45,6
60afe0adbb17160001ecf412,Highland Provisions,Highland Provisions | Live Rosin Cart | Triple Stuffed,Oregrown (Bend),0,Vaporizers,cartridges,.5g,45,8
60b7b237e8df400001b46f2e,Happy Cabbage Farms,Happy Cabbage | Hash Rosin Cartridge | ICC + ICZ,Oregrown (Bend),0,Vaporizers,cartridges,.5g,45,7
60bfa8fc18ea820001316390,Happy Cabbage Farms,Happy Cabbage | Hash Rosin Cartridge | Blackberry Octane,Oregrown (Bend),0,Vaporizers,cartridges,.5g,45,4
60e88498c5588700013dbcbd,Highland Provisions,Highland Provisions | Live Rosin Cart | Star Pebbles,Oregrown (Bend),0,Vaporizers,cartridges,.5g,45,16
60e88498c5588700013dbcbe,Highland Provisions,Highland Provisions | Live Rosin Cartridge | Member OG,Oregrown (Bend),0,Vaporizers,cartridges,.5g,45,2
60e8e3c682cd1f0001d99ffe,Happy Cabbage Farms,Happy Cabbage | Hash Rosin Cartridge | Garlic Jungle Cake,Oregrown (Bend),0,Vaporizers,cartridges,.5g,45,2
60ef4bf1479b4c0001654c9d,Willamette Valley Alchemy,WVA - Scoops Cart (Rosin),Tokyo Starfish (South) (Bend),0,Vaporizers,cartridges,.5g,45.83,9
60e8b7015baa5a00013b3924,Willamette Valley Alchemy,WVA | Live Rosin Cart 510 | Scoops,Oregrown (Bend),0,Vaporizers,cartridges,.5g,50,8
60e8b7015baa5a00013b3925,Willamette Valley Alchemy,WVA | Live Rosin Cart 510 | Papaya Cake,Oregrown (Bend),0,Vaporizers,cartridges,.5g,50,5
